<?xml version="1.0" encoding="UTF-8"?>
<beans xmlns="http://www.springframework.org/schema/beans"
	xmlns:xsi="http://www.w3.org/2001/XMLSchema-instance"
	xmlns:aop="http://www.springframework.org/schema/aop"
	xmlns:context="http://www.springframework.org/schema/context"
	xsi:schemaLocation="http://www.springframework.org/schema/beans 
    http://www.springframework.org/schema/beans/spring-beans-4.0.xsd
    http://www.springframework.org/schema/context
    http://www.springframework.org/schema/context/spring-context.xsd">

	<!-- Define the bean for annotation engineer -->
<!-- 	<bean class="ibm.vasanthi.com.training.AnnotationEngineer" -->
<!-- 		id="theEngineer"> -->
		<!-- <property name="theAddress" ref="theAddress"></property> -->
<!-- 	</bean> -->
	<!-- <bean class="ibm.vasanthi.com.training.Address" id="theedAddress"> -->
	<!-- <property name="location" value="bangalore"></property> -->
	<!-- <property name="pincode" value="678949"></property> -->
	<!-- </bean> -->
	<!-- <bean class="ibm.vasanthi.com.training.Address" id="secondAddress"> -->
	<!-- <property name="location" value="Hyderabad"></property> -->
	<!-- <property name="pincode" value="567890"></property> -->
	<!-- </bean> -->
	<!-- For Spring to understand annotations -->
	<context:annotation-config />
	<!--  For @Components to be scannable-->
	<context:component-scan base-package="ibm.vasanthi.com.training"></context:component-scan>
</beans>

    